timestamp,nh_ch4_ems,sh_ch4_ems,nh_ch4c13_ems,sh_ch4c13_ems,nh_mcf_ems,sh_mcf_ems,nh_n2o_ems,sh_n2o_ems,nh_c2h6_ems,sh_c2h6_ems,nh_oh_ems,sh_oh_ems,nh_co_ems,sh_co_ems,tau_ems,kx_nh_ems,kx_sh_ems,nh_ch4_obs,sh_ch4_obs,nh_ch4_err_obs,sh_ch4_err_obs,nh_ch4c13_obs,sh_ch4c13_obs,nh_ch4c13_err_obs,sh_ch4c13_err_obs,nh_mcf_obs,sh_mcf_obs,nh_mcf_err_obs,sh_mcf_err_obs,nh_n2o_obs,sh_n2o_obs,nh_n2o_err_obs,sh_n2o_err_obs,nh_c2h6_obs,sh_c2h6_obs,nh_c2h6_err_obs,sh_c2h6_err_obs,nh_co_obs,sh_co_obs,nh_co_err_obs,sh_co_err_obs,nh_ch4_model,sh_ch4_model,nh_ch4c13_model,sh_ch4c13_model,nh_mcf_model,sh_mcf_model,nh_n2o_model,sh_n2o_model,nh_c2h6_model,sh_c2h6_model,nh_oh_model,sh_oh_model,nh_co_model,sh_co_model,nh_ch4_strat_model,sh_ch4_strat_model,nh_ch4c13_strat_model,sh_ch4c13_strat_model,nh_mcf_strat_model,sh_mcf_strat_model,nh_n2o_strat_model,sh_n2o_strat_model,nh_c2h6_strat_model,sh_c2h6_strat_model,nh_oh_strat_model,sh_oh_strat_model,nh_co_strat_model,sh_co_strat_model
1984,373.396264364159,132.947703531627,-51.1667629577758,-50.7690989821848,583.056333599266,1.26110809287095e-05,7.96975649286953,2.63832623237131,10402.9681501065,2602.96124750911,2757.19035170197,3007.86419113149,925.942951920587,69.028195312387,22.8581909065178,0.99,1.23,1698.32536884236,1595.29711670599,13.9305668624133,14.1148320736771,NaN,NaN,NaN,NaN,117.85,86.768,10,2.434,303.902261970899,303.973895833333,1.113,2.018,NaN,NaN,NaN,NaN,NaN,NaN,NaN,NaN,1698.0049836054,1595.26167859047,-94.546445041631,-70.585271418126,106.331858451963,86.1660343535353,303.96858021046,304.121000294757,1200,200,999999.998879668,999999.998521119,94.6867899206409,67.012756582949,1390.05576729275,1393.79436798912,-37.8512907491627,-40.2298946244901,30.0475097375485,20.0138743627598,286.105215888416,283.570119758669,300,100,999999.998903095,999999.998903096,70.0000492000003,50.0000139360499
1985,362.509864975655,109.023712203773,-50.3732338770872,-50.572897413304,591.966507562059,5.19174714510228e-05,6.36442801562483,1.30787385347627,10402.930156851,2599.98482659447,2648.97598869997,2433.60566711366,947.80222692664,71.5206288387511,22.6613987919131,0.99,1.23,1707.61649133628,1607.95943784046,9.03010928499359,14.1148320736771,NaN,NaN,NaN,NaN,123.275,89.619,10,2.434,305.451784391534,305.444229166667,1.046,2.719,NaN,NaN,NaN,NaN,NaN,NaN,NaN,NaN,1708.11847210008,1606.58874708042,-78.0413195678037,-76.7047788915649,117.012091437103,90.134405994478,305.11436841337,304.40334199811,747.005760863714,291.509840151126,1043199.44170142,987214.402562724,117.864386000545,65.3797960783721,1491.39028581686,1464.9889863432,-56.1320513871307,-54.2946723615901,55.794230692825,45.5704454294751,290.818478940655,289.259670305012,25.9900856545745,10.5439955634265,37116.8616463367,35696.1400620377,4.11834621983059,2.34915418919453
1986,433.329977898558,125.253564935565,-50.0853538495527,-50.4461866659955,600.710636879935,1.77778415746392e-05,5.09636967378191,1.08361665133643,10400.1318365126,2600.0557301176,3356.39379948477,2999.20307711662,898.556619341302,67.6199805083716,22.4768544839087,0.99,1.23,1723.19114561456,1613.9638976209,9.03010928499359,14.1148320736771,NaN,NaN,NaN,NaN,118.508308333333,96.5053333333333,10,2.434,305.454783874459,304.767225925926,0.791,4.791,NaN,NaN,NaN,NaN,NaN,NaN,NaN,NaN,1722.84149988035,1615.88383352085,-72.2477038784851,-73.5090029693747,122.416932176337,95.7088103980923,305.632686489798,304.924069614272,603.814889829716,240.095998323212,1376197.84117348,1225946.01361098,104.165281051443,62.5805583719782,1557.33100122424,1520.05318416302,-63.1322451761559,-62.5181935657572,74.6346806797375,63.868031776733,294.249971575317,292.958860843059,21.7089906918811,9.08471009542356,48081.0828420923,43205.004375103,3.72750184153596,2.28262283232136
1987,371.60706770753,207.790128178836,-49.9712992969542,-50.1951241523925,621.67061374741,-6.40824793191692e-05,6.39563831975817,1.29741067683322,10400.1598458027,2599.85029760908,2689.05791388772,3656.02771658983,919.639874507371,67.0374857379497,22.8347165638036,0.99,1.23,1733.02723425204,1630.70690139174,9.03010928499359,14.1148320736771,NaN,NaN,NaN,NaN,133.91,96.3877833333334,10,2.434,306.497405032467,305.639488888889,1.576,4.44,NaN,NaN,NaN,NaN,NaN,NaN,NaN,NaN,1733.52539592033,1628.51805844868,-68.4370951511273,-69.3676014784907,127.4908156506,97.3244473380059,306.28602000273,305.531708553125,701.21579126622,206.808483707312,1070590.17930397,1495112.53815969,113.939082973376,61.9375353597887,1601.52082124214,1559.63225221435,-65.7489529700988,-65.8178917280323,87.6723048539624,76.3989214830894,296.65361400145,295.454249516571,23.8890762661829,7.72370157938401,38890.7637900591,51722.5057763112,3.93284317660683,2.22244212523205
1988,420.210861482202,87.0693992501161,-49.684308232921,-50.3774228795439,663.703252848786,5.36188669105482e-05,6.27728685524868,1.32357298827191,10399.6565105735,2599.64368144293,3242.83904695314,2457.53883675298,894.697755726071,69.4542073288181,23.0975406325226,0.99,1.23,1747.58368242783,1640.85184251597,9.03010928499359,14.1148320736771,NaN,NaN,NaN,NaN,131.398946296296,103.677283333333,10,2.434,306.97424478022,306.354356481481,1.313,1.435,NaN,NaN,NaN,NaN,NaN,NaN,NaN,NaN,1747.44664043169,1641.2509570554,-65.2843337486253,-66.3455028424923,132.967113417045,103.443907960352,307.115205696075,306.318479476948,624.743986213325,266.857430479312,1318978.02389026,997067.000323058,106.53511066694,64.8959858110969,1633.56213931256,1590.84818287697,-66.1528707851881,-66.4260645457244,97.4846892436702,85.4902429273857,298.436233975537,297.243981220873,21.7628684557531,9.38754885103631,45062.0796895262,36273.6523498108,3.70587044854437,2.28800878954344
1989,461.515633765232,165.793915178693,-49.2213077040891,-50.1110078876683,688.026735453671,-9.31105182412327e-06,7.01253887724901,1.10564549845624,10400.057919592,2600.4570417711,3855.89590114873,2972.21431704021,855.407979218711,60.7602280489461,22.5259280549726,0.99,1.23,1750.91055354914,1655.5042347297,9.03010928499359,14.1148320736771,NaN,NaN,NaN,NaN,134.341840740741,109.007316666667,10,2.434,308.068188754995,306.986644444444,0.79,1.753,NaN,NaN,NaN,NaN,NaN,NaN,NaN,NaN,1750.91537389483,1657.00022534787,-62.5264512311066,-63.6414110637562,136.183875955232,108.565548640736,308.032291301009,307.151394492992,516.170326637309,229.321200999019,1618603.29933992,1211976.89544002,96.3725845552452,62.6586722338864,1657.33049255653,1615.31191023638,-65.355506122539,-65.7887476131851,105.272923092837,93.6170695506861,299.91139536238,298.706832740666,18.4145069135395,8.55656197171564,56467.5651782705,42855.0235365528,3.42831495884845,2.26665153907814
1990,422.937512154476,182.425969367293,-48.6521976721208,-49.7403506118995,715.128663022893,-3.26678851619646e-05,7.0155327554549,1.09747546984311,10399.9618442739,2558.34206782876,3102.64618093479,3612.1297083588,782.180561917066,21.4756240988753,22.1273735600708,0.99,1.23,1764.78485504306,1664.33893250292,9.03010928499359,14.1148320736771,NaN,NaN,NaN,NaN,139.885746666667,108.529,10,2.434,309.064461692584,307.911044117647,1.22,1.474,NaN,NaN,NaN,NaN,99.71,59.53,6.84323157282983,4.24629721051177,1764.63213220877,1662.21921273838,-60.1428822920146,-60.9400063671554,140.90428376322,109.10158827824,308.98709150412,308.049901255714,600.632465869904,195.816389144362,1288391.33889763,1483789.63012798,99.839715728561,59.9523679172243,1676.16849259885,1635.47882358392,-63.8965727935682,-64.3427166300566,111.491869946805,99.483146604115,301.245933162867,300.012976265337,21.0887311884127,7.48466371456313,47739.9206133319,52936.328273379,3.56960540027165,2.2122506753592
1991,448.403762028399,106.091732730224,-48.3362316431794,-49.9559222464355,634.403835403301,2.01166956110429e-05,6.1575352348111,0.335332466284235,10398.846005443,2600.48010718989,3466.12127601921,2372.43700915263,840.561741628092,147.122674881972,21.7867691856473,0.99,1.23,1777.74382627544,1673.69094442952,9.03010928499359,14.1148320736771,NaN,NaN,NaN,NaN,143.128918518519,114.387166666667,4.662,2.434,310.019909762807,308.950358333333,1.185,1.436,NaN,NaN,NaN,NaN,100.57,69.96,6.84323157282983,4.24629721051177,1777.93581517921,1675.33336329543,-58.079956492821,-58.9102369360062,142.236159598196,114.0920181061,309.795542344195,308.858603211776,573.541527775914,266.686322631179,1432502.68761183,947087.937690132,100.818359831699,69.5640829786278,1693.8525156889,1650.69893318499,-62.1359740867772,-62.5500183501747,116.754983864577,104.202830126581,302.4553517596,301.206910293768,20.9495259178523,9.79074728687491,51973.1591016891,36727.9291336631,3.67917616160597,2.54637230138205
1992,407.781897751964,115.573309723938,-47.8329054894252,-50.0264191274602,594.001308667552,3.40893512381632e-05,4.9301489466001,-0.115252073512148,10397.8143700938,2598.31761586171,3068.48567847812,2771.07524935519,1083.14329488446,1.41887614644863,22.6421515607239,0.99,1.23,1794.59707319201,1688.29344625669,9.03010928499359,14.1148320736771,NaN,NaN,NaN,NaN,140.764695767196,2754.28415165631,4.75171979749703,1654.07790242708,310.377581477842,309.396231884058,0.988,0.982,NaN,NaN,NaN,NaN,119.92,63.8463976608187,6.84323157282983,4.24629721051177,1793.86780992168,1687.56041668249,-56.4547717175654,-57.212708166539,143.345802491699,117.149782782902,310.327991537753,309.464798336161,651.31874755074,259.737389501202,1196556.27050049,1122685.89933596,119.492735019878,64.1070203473356,1709.48973059708,1666.43259227245,-60.3660581660139,-60.7775127185324,120.099438721619,108.692149081544,303.423013464961,302.176354370325,22.5845256727684,9.62642657174952,43178.680005408,39559.1539622584,4.14652995158012,2.34645034435456
1993,327.299203695037,117.715616942852,-46.6906694394561,-49.6273418597822,385.986535168531,4.30570396028981e-05,4.48114817496671,0.132645669432831,10399.8654922935,2601.44374371507,2519.19520225568,2742.05476364256,761.2407150272,-133.566358339846,22.681383875744,0.99,1.23,1793.41117857324,1690.85726947188,9.03010928499359,14.1148320736771,NaN,NaN,NaN,NaN,139.918172688061,2241.90144662956,4.49764901231077,1434.8997303618,310.567130980097,310.229696666667,1.383,1.6,NaN,NaN,NaN,NaN,111.719375,54.314,6.84323157282983,4.24629721051177,1793.92466368617,1690.73090107327,-55.154704895632,-55.7026147034331,139.042648845394,116.519781978852,310.717528773593,309.962375506546,756.158883250592,265.805914053704,1006402.28187926,1142441.58593681,111.650523379658,55.2817813101852,1722.44792508021,1678.70027637956,-58.7418659702913,-59.0968215710295,122.056169372318,111.534040243916,304.153203547434,302.931600503634,26.1111908418982,9.78521467944977,36237.0683633074,40336.3702729517,3.95165658013323,2.03429850606439
1994,386.448614001719,135.916333094352,-43.9810964003593,-48.6250679185303,290.558513681887,2.89370257190162e-05,5.05664254438526,-0.340975914570356,10401.2435390831,2602.54938934247,2565.54870129933,2795.70819957277,868.916355123695,-198.382653852659,22.4470198924659,0.99,1.23,1803.76955810906,1695.3000834991,9.03010928499359,14.1148320736771,NaN,NaN,NaN,NaN,128.594437022133,2054.04578547619,2.9945183076182,1354.8466835244,311.189031566131,310.291030021645,1.109,1.525,NaN,NaN,NaN,NaN,115.376,50.2506322751322,4.29427246573852,3.49192843602446,1803.72120071129,1694.45068280018,-53.7060365720891,-54.2983182213699,128.262521217276,110.895055529443,311.185081234266,310.382769448644,766.970184896178,262.036880418177,1013086.93984472,1179886.08021136,115.259079334045,51.1778890686668,1730.62561320644,1687.04710119414,-57.2190994600384,-57.5287923933548,120.614285812742,111.805491068756,304.784851479658,303.580744173184,27.0069983858655,9.80728580109884,36379.752758399,41979.406767749,4.04847884049713,1.88968425725544
1995,398.204628483068,107.266406406733,-41.3046038110318,-48.0023883887385,241.888696941731,5.38404549890989e-05,5.11243811905935,-0.0924771999045964,10401.0256120185,2602.05832675929,2938.38679844638,2687.97605359296,818.685920255479,-144.47687159097,23.1120438320704,0.99,1.23,1817.32511079817,1702.97124180634,9.03010928499359,14.1148320736771,NaN,NaN,NaN,NaN,115.064109160613,2278.44249815789,2.72710094535109,1529.36585867332,311.783045452705,310.550965728716,1.416,2.586,NaN,NaN,NaN,NaN,107.991392045455,52.4176071428571,4.29427246573852,3.49192843602446,1817.23219822295,1703.26603653765,-52.0102756288189,-52.7998365556643,115.43310789309,102.619643865236,311.688724440301,310.849140056138,683.330747713992,260.692417375821,1185026.67808553,1126894.45917962,107.881917093417,53.111935371708,1741.53974159484,1695.85766476786,-55.6740184926023,-56.0126379719814,115.933785965225,108.98533088292,305.340328012014,304.12101791937,23.7503052758643,9.45607518451906,40820.6121940408,39473.8529799505,3.74360271302186,1.89247213734489
1996,363.793665432556,92.0230657364748,-39.0024184874773,-47.3372517744561,102.895885353534,7.68877608051553e-05,5.86850560800443,0.802262303326917,10400.1558637855,2600.11839230369,2389.54850666826,2547.44437921106,735.906198762397,-135.560230386274,22.267849279145,0.99,1.23,1822.85878547864,1705.78413360894,9.03010928499359,14.1148320736771,NaN,NaN,NaN,NaN,100.956926853667,2248.51760940594,1.31067178200354,1505.0087216271,312.003501143544,311.316434444444,1.48,1.697,NaN,NaN,NaN,NaN,110.1959,53.4748676190476,4.29427246573852,3.49192843602446,1822.6263556681,1705.09958725932,-50.4027966556182,-51.2661500099604,100.980828660494,92.9560364895741,312.319127484625,311.495664728801,783.074469662652,282.449777265339,957884.370167375,1064922.06160673,110.099990605423,54.0266437545877,1750.3993473087,1703.26884623665,-54.0852247592645,-54.4765683483373,108.652399141017,103.58619437097,305.903458779648,304.679794124029,27.3295667445109,10.4645374230097,35179.5420090131,38410.749609649,3.90053230280736,1.9863076951041
1997,359.59870613094,102.768088186251,-36.6387362667232,-45.4284656445488,48.6343018400348,7.18078066108333e-05,6.47450621225743,0.69726866631314,10399.4915797817,2601.48583789981,2535.55667620276,2645.25062756044,716.540038087972,-209.282677055633,23.8752781045668,0.99,1.23,1824.16208999293,1708.10634217138,9.03010928499359,14.1148320736771,NaN,NaN,NaN,NaN,85.7149948245207,2399.6788457483,1.366,1982.6356798467,313.256986573506,312.760495454546,0.821,9.582,NaN,NaN,NaN,NaN,107.0058,49.1060693277311,4.29427246573852,3.49192843602446,1824.34906365631,1708.39967693205,-48.8240628320089,-49.7105294611034,85.6907019390964,81.3430781283763,313.156280694656,312.277957021254,768.742995562034,276.20972660703,1026027.13046822,1119817.01282466,106.827534817743,50.0641329221181,1757.22068529414,1709.46612295454,-52.5416480234836,-52.9542364279272,99.3655677604024,96.1107410075118,306.483177273904,305.249842010223,25.8061981319485,9.81071145222744,34662.6950036378,37726.222978661,3.59042289879807,1.75558345120162
1998,385.988141503409,122.87165517512,-41.6748968761821,-40.6008939663825,31.891313781277,5.77297096655464e-05,5.60351948529714,1.12396688680552,10400.0001134144,2600.3250081771,2466.79128947225,2987.57038848676,854.116111178199,-122.134417456906,21.9082625360376,0.99,1.23,1833.18604846007,1709.26803165092,9.03010928499359,14.1148320736771,NaN,NaN,NaN,NaN,71.9658775188106,1907.05761655662,0.887,1462.32807051112,313.918512688942,313.096374053724,0.259,0.477,NaN,NaN,NaN,NaN,117.194942528736,54.8118970588235,4.29427246573852,3.49192843602446,1833.10506144802,1708.86785083912,-47.5848167089788,-48.1039174368927,71.9967665141502,68.7350344841602,313.918411232387,313.11557270079,789.903791616696,254.534300343324,966997.804387729,1242592.1460498,117.172729119754,55.4104690272572,1762.67078096248,1713.83824901757,-51.015335779194,-51.39452863506,88.7452497621679,86.6930390071006,307.175228180497,305.938108386345,28.183048940748,9.75242700079845,35592.0032831289,44689.1414191906,4.17259324737111,2.04764093560891
1999,386.210289591413,129.129395371046,-54.9945077856755,-42.4561735027978,27.5307807741369,7.48084997296021e-05,5.63322101739358,2.30898661346239,10400.6977265286,2564.64337091192,2711.65144608366,2780.17985886945,922.50941629249,-222.936875473418,22.9464254357784,0.99,1.23,1843.55872384325,1722.88278719157,9.03010928499359,14.1148320736771,-47.4527954545455,-47.1056053571429,0.114572764601495,0.0540258617669193,60.2500013591773,1843.37408942893,0.753,1490.80072374619,314.678359392234,314.061918233083,0.2,0.259757921502363,NaN,NaN,NaN,NaN,119.3111,50.5228086484594,4.29427246573852,3.49192843602446,1843.61005095564,1722.61516383239,-47.4768108511101,-47.1236849365198,60.3034104154624,57.9229584160571,314.68497949302,314.055253314249,749.113368597285,258.086245429785,1055527.36684125,1170329.75510121,119.264133435552,51.5499278781518,1770.52970766394,1719.72584315736,-49.7411077517678,-49.9180510792383,77.8546902427397,76.3974615591341,307.918871901095,306.720849625228,26.1013809094975,9.47888548387222,36960.9058888431,41229.3684699957,4.14136058997931,1.88380265344098
2000,378.193508009229,117.270860544208,-49.5402445690274,-53.8836447007045,24.1213223367705,9.39121349959943e-05,7.09043683731276,0.830514452785267,10400,2600.3238128301,2919.46083016311,2731.30483789266,719.016311908177,-191.921692760061,22.225106755665,0.99,1.23,1838.50700646216,1730.38653590852,9.03010928499359,14.1148320736771,-47.4074319727891,-47.1345398809524,0.0791142452686845,0.0540258617669193,50.0598658991392,1861.36318942744,1.119,1479.88432441058,315.719199639426,314.91377967033,0.271,0.237085035553964,NaN,NaN,NaN,NaN,103.327816091954,50.1448844537815,4.29427246573852,3.49192843602446,1838.37415414154,1729.93943554029,-47.4325202460413,-47.1540563511502,50.1545150455045,48.7856241744381,315.720927519987,314.905612198281,675.772403735664,254.993463313216,1193715.07965644,1151728.27795703,103.190811798224,50.9605139407211,1776.5131814561,1727.9761177447,-48.9363347614206,-48.8977931593676,67.4115239487492,66.4367733277046,308.716325976656,307.531700200187,24.2229938379658,9.56635493466244,42597.6416334114,41576.0318441796,3.72498139275913,1.88399775877865
2001,404.243392226677,145.779075147696,-53.190277620862,-48.8900345499051,15.8405992392838,1.48917366366252e-05,7.88105456305004,1.00870438535549,10365.6799735792,2564.94478949052,2519.48501922046,3196.43825760375,705.991481831382,-241.242002487381,24.5646284147203,0.99,1.23,1846.20454886689,1724.79377398255,9.03010928499359,14.1148320736771,-47.4248609068015,-47.0742733796296,0.0496060983828423,0.0540258617669193,41.7996160224696,1854.59392094671,0.354988897724343,1481.11464676039,316.86168747073,315.794812406015,0.2,0.243664829598195,NaN,NaN,NaN,NaN,105.6365,48.1607402597402,4.29427246573852,3.49192843602446,1846.54280362606,1724.89067206491,-47.4481489904516,-47.0946449910011,41.8341328136306,40.2465973622787,316.853553597266,315.823482860778,738.696806002702,228.893332559846,1023340.99580973,1354522.09604775,105.344096386432,49.394213313129,1778.96286621073,1732.24080475754,-48.3681899529265,-48.3010366638364,57.9694183071324,57.2737681193754,309.511049753465,308.254955778585,23.7743494285079,8.00626293799089,34525.5060668083,44032.6498323866,3.42378933441335,1.67828875759271
2002,359.490191344914,144.903881787121,-51.8687822514699,-53.4683629844203,12.6709159958707,2.85199419532378e-05,3.75388584657468,-0.859699947061628,10380.6534624104,2567.26970163635,2429.6926418463,3343.89422598552,623.667701183077,-192.515805423748,24.849186172856,0.99,1.23,1851.09115757315,1725.00470161752,8.46057827466882,14.1148320736771,-47.4828682861433,-47.1378995833333,0.0496060983828423,0.0423920668741027,34.7858274003208,27.8789927083333,0.266171925379902,4.99166522561252,317.419398219373,316.571741956783,0.2,0.236,NaN,NaN,NaN,NaN,102.9315,50.4436661255411,4.29427246573852,3.49192843602446,1850.69572671831,1723.85915174365,-47.5057152531658,-47.1601421542124,34.8512553048404,33.0517404924079,317.412585083607,316.527332385483,770.093643012781,223.230320602998,994355.451708336,1407610.61416217,102.73726511161,51.5005961673222,1783.48746226193,1734.61002985008,-48.0483683416006,-47.9312925642965,49.7473544190399,49.0582569123625,310.201393982379,308.910014731535,24.5581942184004,7.67550464668349,32660.5439089238,45272.4512799022,3.30906497324615,1.70663571622528
2003,342.638336021683,181.342799063491,-51.4711126144707,-48.8173245501775,10.1407488283044,-7.33270566982427e-05,7.4152751878829,-0.716924645703039,10367.0431546583,2565.49585204651,2046.8287788171,3468.3061105685,660.327091943542,-197.021583182573,24.0648186300862,0.99,1.23,1849.27971593098,1727.91293967827,8.46057827466882,14.1148320736771,-47.4370025034256,-47.0900933558558,0.0496060983828423,0.0423920668741027,29.2032722972028,23.5049541099773,0.211326997262879,4.11565611773211,317.952065735105,316.741755075188,0.259,0.366,NaN,NaN,NaN,NaN,110.694,51.6356542207792,4.29427246573852,2.8653201586775,1850.30909487136,1727.00570780306,-47.4584198726045,-47.1113638432239,29.2315407298939,27.3058938293577,317.971414709282,316.895099447699,880.403699032505,227.069159585358,818380.145461758,1455232.05344467,110.593011826236,52.3691373039305,1785.31918092571,1736.12456336331,-47.8246445776657,-47.7043518667788,42.3129356348748,41.5997923266109,310.814354577324,309.518773772248,28.5092649647547,8.0462941282116,28257.8649080488,48007.3775626786,3.61744508492949,1.78883589345265
2004,376.819425034229,140.749950028884,-52.0365748321983,-53.2333474594605,8.11049372513757,5.46024525719286e-05,5.54422852575408,1.51503097725354,10429.3872655668,2602.17590255791,2577.88129091643,3033.61340825089,551.310934373772,-283.174947808521,25.0159880705911,0.99,1.23,1854.06004031269,1736.18666101753,8.18669484298154,14.1148320736771,-47.3884330934831,-47.08258875,0.0434795783894639,0.03,24.1657407780174,19.4469983981093,0.190162147136104,3.42816867777954,318.696097699781,317.84075030012,0.2,0.267,NaN,NaN,NaN,NaN,96.5692000000001,45.9488452380953,4.29427246573852,2.8653201586775,1853.51797557444,1734.67541144924,-47.4073645775823,-47.1016748641418,24.2242421172239,22.9576592824946,318.67482584477,317.776980188325,752.31010747861,238.556656576479,1075727.61815531,1296167.03177219,96.4216317763751,46.8336865698965,1788.14261614426,1739.81017257872,-47.6563895598493,-47.5290474644292,35.8443786208252,35.183232814122,311.445948473699,310.121605089908,24.3751388052122,8.11064134490806,34291.1435726847,42085.8514525459,3.1243833991678,1.57214921375322
2005,318.529688093908,164.111603267646,-52.3354357073171,-48.3984012910745,6.48074339790436,-4.04345947377721e-05,5.96508471357654,-0.248449402808332,10400,2600.87533631632,2078.31083201994,3155.04577773811,611.447233367847,-258.901255957098,24.2582627458106,0.99,1.23,1847.40090621934,1737.67963082875,8.18669484298154,14.1148320736771,-47.3933456008498,-47.0325145833333,0.0434795783894639,0.03,20.21943138766,16.3279809807256,0.161680440017607,2.79362525498947,319.355595170834,318.444285776942,0.2,0.269,NaN,NaN,NaN,NaN,104.6169,47.3940849567099,4.29427246573852,2.8653201586775,1848.33059503547,1737.35171607797,-47.4121693965678,-47.0503291569679,20.2530847270707,19.1868122125524,319.377654852989,318.497760340644,855.204133644642,242.423035011245,847178.347991295,1341342.82285246,104.273270069689,48.2217747358564,1789.33839532411,1743.07256796792,-47.5427580994338,-47.4168367305104,30.193381139733,29.692417925946,312.088024548017,310.805634937671,27.4082779066719,8.44759637566395,29043.7099283797,43992.5416591398,3.37613468853615,1.63145708118751
2006,363.878162043812,157.107679924693,-53.7923809887459,-51.0151398385499,5.19067402493858,1.34595758251998e-05,6.87955418087685,0.896012944675987,10401.0616407921,2603.48349387271,2329.14123217879,3258.35527463954,620.477902304578,-230.040984713293,25.3050188626296,0.99,1.23,1854.37916509096,1739.00753949437,8.18669484298154,14.1148320736771,-47.4666881613757,-47.014141025641,0.0434795783894639,0.03,16.9611426292755,13.663993994709,0.121010240208354,2.29744907130196,320.2241641827,319.291743742621,0.266,0.366,NaN,NaN,NaN,NaN,104.148,49.3046028138528,4.29427246573852,2.8653201586775,1854.11674576858,1737.38601723388,-47.4854975777864,-47.0310456123831,17.0153937338034,16.0630122555724,320.184092691898,319.226493225622,819.704759257678,236.424632530462,949597.01998856,1376928.78037407,103.860354509273,50.0663151358471,1790.46465525492,1745.48315148542,-47.4722542286853,-47.320225771486,25.4727449463698,25.0382728830938,312.742785589762,311.445371260289,25.9914516315023,8.04547934821532,30421.956324155,43617.1628067349,3.28961178314052,1.63878348541161
2007,326.968146150435,163.122716364692,-51.5301320352157,-52.4871811595346,4.15099436946575,-1.88767067444837e-05,6.4190945434137,-0.4406555672423,10400,2599.9595997182,2143.44890805506,3281.12569485352,642.088103582563,-251.631643008004,23.3196763692643,0.99,1.23,1854.04983026997,1738.8302414401,8.18669484298154,14.1148320736771,-47.4671656435386,-47.1398708333334,0.0423329623737602,0.03,14.1994748608534,11.4502365646258,0.107124617457624,1.90753023692151,320.979675184736,319.917931766917,0.229,0.318,NaN,NaN,NaN,NaN,107.8573,48.9182397186147,4.29427246573852,2.57963890720756,1854.80360882662,1738.2471282805,-47.4836208771383,-47.1541590988912,14.2452473182835,13.4080258951212,320.999455439466,319.963644379405,859.718042056002,236.580610546504,863915.352505506,1388465.72366194,107.670236286884,49.6004304127442,1793.35475858618,1747.02401406546,-47.4462662216959,-47.287224773735,21.3841958151402,21.0094610573217,313.514795906685,312.199760853449,28.7922145096725,8.57951208742085,30255.2172294032,47161.1801709065,3.63094586893052,1.7467753975217
2008,364.755790706484,160.339137148771,-52.8272814216043,-48.9397766603788,3.3210996035293,5.34105933166102e-05,8.06559161943502,1.43041920745164,10401.2581570567,2602.14799207304,2089.36457268865,3080.68010351459,554.715505878121,-255.699963598484,24.6398458603738,0.99,1.23,1866.35777527534,1747.44384395562,8.18669484298154,14.1148320736771,-47.4948518428331,-47.10413625,0.0423329623737602,0.03,11.9399110403882,9.60037156084656,0.1,1.56391757433547,321.942192407063,320.856111570248,0.2,0.377,NaN,NaN,NaN,NaN,103.667,48.2253890692641,4.29427246573852,2.48348225120047,1866.38741629408,1745.93231561396,-47.508787840373,-47.1170129896265,11.9942764567327,11.3025616540804,321.925006442843,320.858267741094,882.424394713329,251.354502616349,852988.307706273,1306975.58891423,103.363036417581,48.7629253541206,1796.19317767914,1749.3771097906,-47.4224056312399,-47.2775839228032,17.9316745891894,17.6054593416887,314.312114467448,312.971516238346,28.4794312803771,8.70342005791548,28395.2758477592,42792.6096979676,3.36921431342426,1.64705322741232
2009,344.034429589219,137.623723033473,-52.4511976308196,-51.9214059720281,2.66152809915194,0.000137748091502924,5.39756236032676,0.829412057919257,10365.7737071407,2566.66540568575,2191.43139385128,3094.74754978888,467.274631985352,-283.239793435436,24.0080518186569,0.99,1.23,1873.02922150199,1752.50034287483,8.18669484298154,14.1148320736771,-47.5049762004256,-47.121995,0.0423329623737602,0.03,10.0125796644265,8.15853182302772,0.1,1.31186578069764,322.751458986377,321.887034192038,0.2,0.250313265715737,NaN,NaN,NaN,NaN,95.2154,46.2009001587301,4.29427246573852,2.48348225120047,1873.51443313781,1751.80548145706,-47.517723359651,-47.1345678536239,10.0632577277839,9.53546261167512,322.756906456045,321.88114910864,836.850765836558,244.73201394104,918741.361419271,1320668.32690049,94.79488881974,46.7947045389215,1802.46544570781,1754.51537978968,-47.4208980919012,-47.2617491640825,15.0640801939913,14.7988534738563,315.134085222287,313.805303841927,27.7052807199182,8.68991863094237,30892.8443958425,43854.2820474042,3.15983648457099,1.61109115348429
2010,364.071746653793,142.262852731298,-52.0399320038488,-50.9156416963307,2.12168070654739,0.000206605907218499,6.75043760657154,0.103512873455016,10361.3616884645,2566.59751943915,2109.94522360691,2872.33756734277,487.393333883213,-287.488182842536,23.2883044342872,0.99,1.23,1877.31984545937,1756.79050970032,8.18669484298154,14.1148320736771,-47.4940967814237,-47.1544988541667,0.0423329623737602,0.03,8.40684948117359,6.89855552721088,0.1,1.08204440082556,323.501832609905,322.55452593985,0.2,0.2,NaN,NaN,NaN,NaN,96.3307000000002,45.2345838744589,4.29427246573852,2.48348225120047,1877.51997449732,1755.99255748179,-47.5060501603919,-47.1661559231609,8.45766162143866,8.06036954675999,323.499572268473,322.558611860718,851.260411913214,258.095107646707,882675.914558342,1229837.08963368,95.5554546464377,45.7952761565138,1807.244694669,1758.54300829949,-47.4152001763286,-47.2648081792509,12.6137921529393,12.4051051910025,315.990768066846,314.693377444316,28.7688893090101,9.31053885733115,30813.9697643182,42356.364567885,3.2456604200004,1.61884893839194
2011,345.364485788379,136.096631272957,-54.0364990125429,-51.876511578501,1.70203393413617,0.000418920819957237,7.79072900979963,1.13909904738209,10365.4047883731,2565.51698620231,2506.70333907136,2941.01692688794,485.574575095744,-227.328405107483,22.4149082102997,0.99,1.23,1871.52549391586,1761.97071384721,7.86103312160245,14.1148320736771,-47.5709182749069,-47.19612,0.0423329623737602,0.03,7.01064012578331,5.32691356646825,0.1,1.30721786599209,324.471014990714,323.416216451991,0.2,0.2,NaN,NaN,NaN,NaN,92.2509999999999,48.3265901360544,3.12807069373894,2.48348225120047,1871.85904366193,1761.53262319068,-47.5826877640588,-47.2073891195515,7.06332128933743,6.80741168684416,324.469649943809,323.423600098807,750.25555510738,247.154580395797,1060849.77509545,1246855.18055894,91.7911122567105,48.6827768178219,1812.48241115069,1764.15532028655,-47.4239711719987,-47.2729743971645,10.5295749836239,10.3734546455237,316.939405691298,315.616461993304,26.7280336259111,9.31526954640817,37572.2134682922,44331.2702772018,3.25793218056637,1.76817529246813
2012,381.356955172324,155.389636325946,-52.4561113884752,-51.5550883043959,1.36210864305987,9.97917926682688e-05,6.45126657435425,0.821091800942109,10400.0570865959,2598.97661848831,2181.48027163088,3065.36630829855,474.836025228543,-273.728563984692,24.6751149430267,0.99,1.23,1876.80960312208,1760.48570179836,7.86103312160245,14.1148320736771,-47.6492658649057,-47.27797125,0.0423329623737602,0.03,5.86732833966629,4.55565880952381,0.1,1.03095243481765,325.39755414077,324.425407706767,0.2,0.231,NaN,NaN,NaN,NaN,94.1349,46.6524857142857,3.12807069373894,2.48348225120047,1877.31127897937,1759.61441265084,-47.6600720942875,-47.2881756388031,5.90345359216805,5.66559073476525,325.38906807979,324.420193024942,813.053330190399,244.149740144646,918279.384942872,1305931.09478118,93.653262126766,47.2042332028992,1813.06856910439,1766.87050423385,-47.4608878965085,-47.3051252747771,8.82393208341646,8.70967788724225,317.80132795713,316.465469442067,26.046066489349,8.44911723977263,30877.4313348753,42541.2029679758,3.03670589403168,1.59275954674456
2013,403.296001581275,132.67615390887,-50.9427514042879,-52.1052335689476,1.09218959503855,0.000403690719108056,5.9202657905881,0.284632461658664,10437.4935058503,2639.55241856752,2379.60434846239,3162.1260993096,468.356586687472,-277.221962227421,25.3804228022698,0.99,1.23,1896.29168352215,1762.21856114183,7.86103312160245,14.1148320736771,-47.5786783208245,-47.289062,0.0423329623737602,0.03,4.8639638801881,3.80830577122153,0.1,0.812399531761925,326.115811915777,325.204054568331,0.2,0.243311970598192,NaN,NaN,NaN,NaN,92.8927000000001,46.5087244897959,3.12807069373894,2.48348225120047,1896.39146282871,1761.92733297953,-47.5864202439761,-47.2972522666769,4.91586794612769,4.7014631693661,326.120144789305,325.208403826279,781.103339362774,237.939534301471,1004550.4119142,1347096.35141589,92.2682019568582,47.111042381726,1818.28700456452,1769.70807770283,-47.4843138098474,-47.3430414479691,7.44390386281279,7.34610744975158,318.489494412265,317.16480347055,24.6279171901507,8.01910930038498,32035.6030819016,42558.1100910266,2.91190216391222,1.53519365066761
2014,373.679531506804,143.759377988953,-53.2726678144486,-50.5896791651978,0.873192077641422,0.000554153006213432,8.76388980193112,2.14631360721557,10399.9084671936,2600.50643086142,2380.84356555831,2738.51057699948,444.371841759775,-297.880613070973,23.1729561051185,0.99,1.23,1896.20511847,1776.11128587277,7.86103312160245,14.1148320736771,-47.591511662531,-47.249128,0.0395712216015338,0.03,4.04912988946537,2.94157637362637,0.1,0.812065284337438,327.19028515318,326.182313571428,0.2,0.259661291325145,NaN,NaN,NaN,NaN,90.5982102272727,44.3136571428571,3.12807069373894,2.48348225120047,1896.63564445286,1775.33534030662,-47.5982783344555,-47.2563819724895,4.07686864551856,3.94163708541387,327.192794247816,326.200341911248,767.956896057389,258.506994187678,1012256.99886936,1175047.81763773,90.1085424470636,44.8512714990563,1824.72694159473,1774.01043881885,-47.4824043212425,-47.3516972864869,6.23067984015487,6.15301993773187,319.315714083079,317.992184764884,26.0660290811155,9.23994624380689,35011.2873270352,40806.1365716516,3.07536488930886,1.58850730888396
2015,391.024806249031,136.863576974442,-51.8523264036342,-53.5672531010482,0.703630407146822,0.000904254872873376,7.24529584962089,2.03227145120595,10400.2361299416,2600.26926084642,2367.90517570184,2780.89045977973,479.678002141588,-289.217961711554,23.3525202391358,0.99,1.23,1905.7333175001,1788.35231412765,7.86103312160245,14.1148320736771,-47.6256167501138,-47.337448,0.0395712216015338,0.03,3.38003147139599,2.00963837209302,0.1,0.848659098681941,328.424158176823,327.493680178088,0.2,0.2,NaN,NaN,NaN,NaN,93.3654999999999,45.2159608843537,3.12807069373894,2.48348225120047,1906.05328700859,1788.54424210915,-47.6312365501192,-47.343442621401,3.41595002894075,3.32025748173465,328.409596685834,327.486374937887,774.831954910439,260.69108729873,998486.877145195,1188745.24616746,92.4345345066426,45.70277902541,1830.94087517925,1782.28125873415,-47.5025789817841,-47.3662893960922,5.1868601374064,5.13190027721903,320.383592329969,319.054985634622,26.2722404784155,9.40121441723998,34626.4064723476,40798.1313088335,3.14011370468985,1.60925444451442
2016,353.339049505545,136.960313351933,-53.1671058638792,-48.8353113761978,0.555404446131053,0.0014814638803773,6.53362239875685,-0.972276830015,10401.6830491754,2598.52118173943,2128.51378093284,2901.75697323476,582.175617627923,-247.038461566853,23.3781140109759,0.99,1.23,1916.46895434283,1796.72928004296,7.86103312160245,14.1148320736771,-47.6815970223325,-47.307436,0.0395712216015338,0.03,2.85843847643098,1.77097176470588,0.1,0.651068199664623,329.290851189525,328.253430714286,0.2,0.204,NaN,NaN,NaN,NaN,104.552102272727,49.4782285714286,3.12807069373894,2.48348225120047,1916.9236799954,1795.84998004294,-47.6874632481132,-47.3133796267677,2.89211011139442,2.78734912060417,329.30341316514,328.249465371777,856.348547633174,263.465641417219,866541.950129757,1224165.30205977,103.422335240086,49.5701717561295,1839.46947393397,1790.66428959309,-47.5256619863628,-47.3922248748012,4.33361181982232,4.2887651121631,321.426409956093,320.096022743827,28.7274343606446,9.51355602116413,30459.8436530369,41784.4321399441,3.48148258640689,1.73634940237748
2017,362.122044518753,136.841145357716,-52.6958890351445,-52.2210037634421,0.557058726025959,0.00170209293494627,8.29260369846078,-3.23602628957151,10360.3665653334,2558.82241245338,2121.52188865543,2837.7878262321,355.099776783614,-273.576008418317,22.7389424529095,0.99,1.23,1923.43023375803,1802.85777481845,7.86103312160245,14.1148320736771,-47.7068984615384,-47.334862962963,0.0395712216015338,0.03,2.43774535834536,1.89828,0.1,0.378336919425001,330.083618645781,328.493851892552,0.2,0.2,NaN,NaN,NaN,NaN,90.5822988505748,47.0786456400742,3.12807069373894,2.48348225120047,1924.0297061009,1802.90440800336,-47.712363708619,-47.3396627895845,2.45409366722664,2.35622914130093,330.050898962266,328.513743706984,850.639384101975,265.443546259096,901222.65545941,1205129.14573006,89.9051432895861,47.4498045558974,1848.09354675302,1798.5756592909,-47.5564563540175,-47.4004172374332,3.62676529026756,3.58379424414856,322.401650681882,320.975804220513,29.642057229454,9.85998292425392,31904.1552783537,42293.454724521,3.18752867861738,1.7205242464985
2018,355.284582920699,140.734982971274,-52.8616249599855,-51.7455017592173,0.558466736292495,0.00222625667898358,9.01790755365759,5.21611582139928,10404.4919292414,2585.25264457962,2084.06960788916,2769.77671496891,431.409974620258,-248.059478879435,23.4955636922443,0.99,1.23,1929.79441290044,1813.95411898954,7.86103312160245,14.1148320736771,-47.7448230769231,-47.409188,0.0395712216015338,0.03,2.06402169777654,1.67437140350877,0.1,0.276915642892798,331.00186309916,329.891176127819,0.201,0.265,NaN,NaN,NaN,NaN,93.9159000000002,48.7712523191095,3.12807069373894,2.11656423303253,1930.39255487549,1812.98061573078,-47.7495651198563,-47.4142220501408,2.08343822739965,2.00061598229445,331.030938570014,329.933702437278,861.882171742263,272.766713854507,876827.98696109,1171324.93054221,92.7415468023931,48.5811409260547,1855.6735023833,1806.67567605751,-47.5823359759039,-47.4331944255791,3.04686862207848,3.00876139256931,323.275472409416,321.792997254761,29.0354550779309,9.79927881572049,30449.2415068568,40091.3164458951,3.13012242547023,1.69656880766144
2019,351.21390173625,130.852329063158,-52.0544918495135,-52.6537461615171,0.560428231392672,0.00303241208538794,6.2887647693599,-0.331977601389065,10456.8915345881,2605.66925031677,1931.57176247522,2772.1892947788,425.429035734891,-276.423817909843,23.4183832712551,0.99,1.23,1942.43202013216,1821.25418140842,7.31782224099265,14.1148320736771,-47.7613216958042,-47.4661028806584,0.0395712216015338,0.03,1.78133959173011,1.55229523809524,0.1,0.158531485928229,332.24041703969,331.362741778592,0.2,0.269,NaN,NaN,NaN,NaN,96.1111494252872,47.5764378478664,3.12807069373894,2.11656423303253,1943.03370277678,1821.57764213353,-47.765055136377,-47.4696117410962,1.78852683170075,1.70742483405095,332.202590713822,331.268525732145,924.09715389251,282.258429642483,805098.99224499,1174207.43559783,95.5094951881105,47.9293312722007,1863.77295953435,1815.23039713178,-47.6128693421846,-47.4738712260941,2.57398967701059,2.53961261262241,324.239246104518,322.863246674002,31.052037218111,10.1763405628417,28131.1002607676,40038.7192349228,3.23816280117161,1.6874218266955
2020,341.112445490213,120.105394296315,-53.2021690151494,-47.9597532335828,0.562505114919063,0.00538084926278664,8.6904547131949,-2.10284614723155,10399.9995258489,2601.09649146244,1924.51285806453,2753.15774649815,414.818294494886,-145.750823749199,21.8638444739649,0.99,1.23,1950.69898329225,1828.93797950907,6.80437373337893,14.1148320736771,-47.7968630769231,-47.405364,0.0374428741689973,0.03,1.53330431257015,1.36279260651629,0.1,0.102256776527533,333.058889114054,331.606661086309,0.2,0.2,NaN,NaN,NaN,NaN,96.584,55.095675862069,2.23696719913368,2.11656423303253,1951.29422120706,1827.69836884675,-47.7986678910824,-47.4078205053243,1.54487404678071,1.46969332729661,333.086167302047,331.671461400847,937.792227304809,291.01373998782,799518.632988213,1140477.89965341,96.3079801996004,54.6748148489278,1873.88050420728,1823.46923566326,-47.6419325975453,-47.4993755344203,2.17579450823632,2.14284386833183,325.302406642348,323.889768457121,33.6934531740183,11.149116012135,29504.6068943641,41470.0145007883,3.47867617580705,2.00951028670361
2021,363.720698771096,90.3110277769984,-53.9412552003093,-57.12481429563,0.562433808052632,0.00758300992948672,11.1028476328235,4.03246928016835,10400.6276771699,2600.62497679185,1760.02227420947,2385.80892461284,375.364698319227,-218.976616659581,21.9167380506983,0.99,1.23,1968.21412750603,1836.06973998979,6.80437373337893,14.1148320736771,-47.9205922574158,-47.534492,0.0302590344299639,0.03,1.35207444709485,1.21520988095238,0.1,0.1,334.450453570684,333.104906785714,0.2,0.2,NaN,NaN,NaN,NaN,94.1555,50.2458642350557,2.23696719913368,2.11656423303253,1968.42756546507,1836.4711724233,-47.9206420263901,-47.5317377709067,1.34882295040969,1.28600893796256,334.418845531749,333.080155768218,998.265309052355,328.6888568719,733108.155555026,1000042.82371083,95.396619440996,50.9930247023056,1884.40315591581,1831.68524652397,-47.6832409281469,-47.5165272731629,1.8443919716604,1.81450139219102,326.432112788268,324.935482771942,35.7830264606287,12.4710910709008,27276.4573640789,36792.3912625399,3.46213398200225,1.92202531999634
2022,372.705241256193,122.753480342741,-52.332357294929,-48.0638898197269,0.555579675730701,0.00391279837696951,6.55392497287663,0.132034116412943,10400,2600.00437990784,2235.32048656583,2484.51528292591,926.789577115704,69.4896472826099,21.8342424655776,0.99,1.23,1987.54121965828,1862.88344636806,6.77122131219961,14.1148320736771,-48.0032890587673,-47.6403346441947,0.03,0.03,1.20524531866282,1.11841023809524,0.1,0.1,335.652551337521,334.541970833333,0.2,0.2,NaN,NaN,NaN,NaN,NaN,NaN,NaN,NaN,1987.99553233496,1863.24531583438,-48.0007109603272,-47.6356131870752,1.18193876268609,1.13437270682327,335.655230325761,334.555396785049,929.191311931823,332.612148183906,830526.408632666,973472.334185346,132.768273116571,72.1431264440573,1898.027948308,1843.78731932483,-47.7602918560092,-47.5962452717498,1.57873057434648,1.55375395843053,327.673447255808,326.221166956598,33.8432173826057,12.7425346730697,30451.0242427291,35767.3239107191,4.69808411189447,2.62074977756728
